{
  "schema": "1.0",
  "type": "whmcs-gateways",
  "name": "uddoktapay",
  "license": "MIT",
  "category": "payments",
  "description": {
    "name": "UddoktaPay",
    "tagline": "Simplify Your Payment Management",
    "long": "UddoktaPay offers a range of payment automation solutions for small entrepreneurs in Bangladesh.",
    "features": [
      "Checkout with UddoktaPay for a faster checkout & payment experience",
      "Additional fees",
      "WHMCS 8 Support"
    ]
  },
  "logo": {
    "filename": "logo.png"
  },
  "support": {
    "homepage": "https:\/\/www.uddoktapay.com\/",
    "docs_url": "https:\/\/uddoktapay.readme.io\/"
  },
  "authors": [
    {
      "name": "UddoktaPay Team",
      "homepage": "https:\/\/uddoktapay.com\/"
    }
  ]
}
